[ 
    
    
    {
        "id": 1,
        "name": "Portfolio Website",
        "desc": "Personal Portfolio website,When i'm started learning html then i have tried to made this it's all about me.",
        "image": "https://res.cloudinary.com/djwnzqmjq/image/upload/v1674508785/Screenshot_67_zpbgrr.png",
        "links": {
            "view": "https://AvinashAnand02.github.io/Portfolio/",
            "code": "https://github.com/AvinashAnand02/Portfolio"
        }
    },
    {
        "id": 2,
        "name": "Sudoku Puzzle",
        "desc": "We all know that some of the people like to solve sudoku so i try to make the sudoku puzzle where you will solve puzzle whenever you want.",
        "image": "https://res.cloudinary.com/djwnzqmjq/image/upload/v1674508784/Screenshot_69_khbhry.png",
        "links": {
            "view": "https://AvinashAnand02.github.io/Sudoku/",
            "code": "https://github.com/AvinashAnand02/Sudoku"
        }
    },
    {
        "id": 3,
        "name": "Portfolio Website",
        "desc": "Personal portfolio website. Don't need much info about it, just scroll down. You're here only!",
        "image": "https://res.cloudinary.com/djwnzqmjq/image/upload/v1674508785/portfolio1_abddao.png",
        "links": {
            "view": "https://avinashanand.me",
            "code": "https://github.com/AvinashAnand02/Avinash-Portfolio"
        }
    },
    {
        "id": 4,
        "name": "Tic Tac Toe",
        "desc": "We all know that some of the people like to play tic tac toe game so i try to make the tic tac toe game where you will play whenever you want.",
        "image": "https://res.cloudinary.com/djwnzqmjq/image/upload/v1674508784/Screenshot_71_aufizw.png",
        "links": {
            "view": "https://AvinashAnand02.github.io/Tic-Tac-Toe/",
            "code": "https://github.com/AvinashAnand02/Tic-Tac-Toe"
        }
    },
    {
        "id": 5,
        "name": "Chat Bot",
        "desc": "This is a very simple chatbot using nothing but JavaScript, HTML, & CSS.",
        "image": "https://res.cloudinary.com/djwnzqmjq/image/upload/v1674508784/Screenshot_73_xvrohr.png",
        "links": {
            "view": "https://AvinashAnand02.github.io/Tic-Tac-Toe/",
            "code": "https://github.com/AvinashAnand02/ChatBot"
        }
    },
    {
        "id": 6,
        "name": "Admin Dashboard",
        "desc": "In this we going to track expanse of e-commerce site like sales, expanses and revenue along with that table of recent orders,updates and customer review  ",
        "image": "https://res.cloudinary.com/djwnzqmjq/image/upload/v1687682983/Screenshot_25_dovj3w.png",
        "links": {
            "view": "https://admindashboard02.netlify.app/",
            "code": "https://github.com/AvinashAnand02/Admin-Dashboard"
        }
    },
    {
        "id": 7,
        "name": "Groco",
        "desc": "This is a grocery website where anyone can buy grocery product there are many feature like add to cart option, user login interface, search option and track id is also their ",
        "image": "https://res.cloudinary.com/djwnzqmjq/image/upload/v1687683575/Screenshot_26_k9vgpc.png",
        "links": {
            "view": "https://groceryweb.netlify.app/",
            "code": "https://github.com/AvinashAnand02/Grocery-website"
        }
    },
    {
        "id": 8,
        "name": "Teleport News",
        "desc": "this project uses the GraphQL Mediastack API to fetch and process news data. The GraphQL Mediastack API is a RESTful API that provides access to a variety of news data. ",
        "image": "https://res.cloudinary.com/djwnzqmjq/image/upload/v1687695463/Screenshot_28_ikxbu6.png",
        "links": {
            "view": "https://teleport-newss-fq8co0b1j-a-anand4866.vercel.app/",
            "code": "https://github.com/AvinashAnand02/Teleport-news"
        }
    },
    {
        "id": 9,
        "name": "Spark The Soul",
        "desc": "This project i have made for LPU organization where students comes to know about Spark The Soul (STS) organization.",
        "image": "https://res.cloudinary.com/djwnzqmjq/image/upload/v1687695438/Screenshot_27_gqc5cv.png",
        "links": {
            "view": "https://sparkthesoul.netlify.app/",
            "code": "https://github.com/AvinashAnand02/Spark-The-Soul"
        }
    }
    
]
